id,grupo,edad,puntaje_pre,puntaje_post,horas_estudio
1,Control,22,62,64,4
2,Control,25,58,60,3
3,Control,31,71,73,6
4,Control,29,65,66,5
5,Control,34,69,70,5
6,Control,27,61,63,4
7,Control,41,74,75,7
8,Control,38,70,72,6
9,Control,24,55,57,2
10,Control,30,67,68,5
11,Control,36,73,74,6
12,Control,28,64,66,4
13,Control,33,68,70,5
14,Control,26,60,62,3
15,Control,45,76,77,8
16,Control,39,72,73,7
17,Control,23,57,59,3
18,Control,32,66,67,5
19,Control,35,70,72,6
20,Control,27,63,64,4
21,Control,29,65,67,4
22,Control,31,69,70,5
23,Control,40,75,76,7
24,Control,37,71,73,6
25,Control,26,59,61,3
26,Control,28,62,64,4
27,Control,34,68,70,5
28,Control,42,77,78,8
29,Control,30,66,68,5
30,Control,33,70,72,6
31,Intervencion,21,61,70,5
32,Intervencion,24,57,68,4
33,Intervencion,30,68,79,7
34,Intervencion,32,64,75,6
35,Intervencion,35,70,82,8
36,Intervencion,29,63,76,6
37,Intervencion,43,76,88,10
38,Intervencion,36,69,81,8
39,Intervencion,25,58,69,4
40,Intervencion,31,65,78,7
41,Intervencion,38,72,84,9
42,Intervencion,27,60,73,5
43,Intervencion,34,67,80,8
44,Intervencion,29,62,76,6
45,Intervencion,44,75,89,10
46,Intervencion,40,73,86,9
47,Intervencion,22,56,67,4
48,Intervencion,33,68,79,7
49,Intervencion,37,71,83,8
50,Intervencion,26,61,74,5
51,Intervencion,30,64,78,6
52,Intervencion,35,70,84,8
53,Intervencion,39,74,87,9
54,Intervencion,41,78,91,11
55,Intervencion,28,62,76,6
56,Intervencion,32,67,81,7
57,Intervencion,36,72,86,9
58,Intervencion,45,79,93,12
59,Intervencion,27,59,72,5
60,Intervencion,34,66,80,8
